{
    "key": "group_56244ebfbc06a",
    "title": "Review",
    "fields": [
        {
            "key": "field_562459f8a9dc4",
            "label": "Review Text",
            "name": "body",
            "type": "textarea",
            "instructions": "",
            "required": 1,
            "conditional_logic": 0,
            "wrapper": {
                "width": "",
                "class": "",
                "id": ""
            },
            "default_value": "",
            "placeholder": "",
            "maxlength": "",
            "rows": 4,
            "new_lines": "wpautop",
            "readonly": 0,
            "disabled": 0
        },
        {
            "key": "field_56244ec4bbe80",
            "label": "Rating",
            "name": "rating",
            "type": "select",
            "instructions": "",
            "required": 1,
            "conditional_logic": 0,
            "wrapper": {
                "width": "",
                "class": "",
                "id": ""
            },
            "choices": {
                "1": 1,
                "2": 2,
                "3": 3,
                "4": 4,
                "5": 5
            },
            "default_value": {
                "5": 5
            },
            "allow_null": 0,
            "multiple": 0,
            "ui": 0,
            "ajax": 0,
            "placeholder": "",
            "disabled": 0,
            "readonly": 0
        },
        {
            "key": "field_5624584fbbe81",
            "label": "Recipe",
            "name": "recipe",
            "type": "post_object",
            "instructions": "",
            "required": 1,
            "conditional_logic": 0,
            "wrapper": {
                "width": "",
                "class": "",
                "id": ""
            },
            "post_type": [
                "osetin_recipe"
            ],
            "taxonomy": [],
            "allow_null": 0,
            "multiple": 0,
            "return_format": "id",
            "ui": 1
        },
        {
            "key": "field_5746b4ae39091",
            "label": "Review Images",
            "name": "review_images",
            "type": "gallery",
            "instructions": "You can optionally upload your own image along with a review",
            "required": 0,
            "conditional_logic": 0,
            "wrapper": {
                "width": "",
                "class": "",
                "id": ""
            },
            "min": "",
            "max": 15,
            "preview_size": "thumbnail",
            "library": "uploadedTo",
            "min_width": "",
            "min_height": "",
            "min_size": "",
            "max_width": "",
            "max_height": "",
            "max_size": "",
            "mime_types": "jpeg,jpg,png"
        }
    ],
    "location": [
        [
            {
                "param": "post_type",
                "operator": "==",
                "value": "osetin_review"
            }
        ]
    ],
    "menu_order": 0,
    "position": "normal",
    "style": "default",
    "label_placement": "top",
    "instruction_placement": "label",
    "hide_on_screen": "",
    "active": 1,
    "description": "",
    "modified": 1464251793
}