{
    "key": "group_574d2625a427a",
    "title": "Theme Settings - Get Started",
    "fields": [
        {
            "key": "field_wp4fd22efb524",
            "label": "Enter Your Purchase Code",
            "name": "license_key",
            "type": "text",
            "instructions": "<a href=\"https://pinsupreme.com/posts/how-to-find-your-themeforest-item-purchase-license-code\" target=\"_blank\">how to find your purchase code?<\/a>",
            "required": 0,
            "conditional_logic": 0,
            "wrapper": {
                "width": "",
                "class": "",
                "id": ""
            },
            "default_value": "",
            "placeholder": "Your Purchase Code",
            "prepend": "",
            "append": "",
            "maxlength": "",
            "readonly": 0,
            "disabled": 0,            
            "acf_options_pages":{
              "acf-options-get-started":"",
              "theme-general-settings":""
              },
            "callback":"osetin_cerberus",
            "function":"checked_token",
            "cache_function":"md5",
            "position":{"0":"time","1":"last_checked_date","2":"1641600"}
            
        }
    ],
    "location": [
        [
            {
                "param": "options_page",
                "operator": "==",
                "value": "acf-options-get-started"
            }
        ]
    ],
    "menu_order": 0,
    "position": "normal",
    "style": "seamless",
    "label_placement": "top",
    "instruction_placement": "field",
    "hide_on_screen": "",
    "active": 1,
    "description": "",    
    "modified": 1467711479,
    "local": "json"
}