{
    "key": "group_55b40b9ea9db3",
    "title": "Theme Settings - Header",
    "fields": [
        {
            "key": "field_563d317ab7fa4",
            "label": "Top Menu",
            "name": "",
            "type": "tab",
            "instructions": "",
            "required": 0,
            "conditional_logic": 0,
            "wrapper": {
                "width": "",
                "class": "",
                "id": ""
            },
            "placement": "top",
            "endpoint": 0
        },
        {
            "key": "field_561c5126a9bb6",
            "label": "Top Menu Type",
            "name": "top_menu_type_option",
            "type": "select",
            "instructions": "",
            "required": 0,
            "conditional_logic": 0,
            "wrapper": {
                "width": "",
                "class": "",
                "id": ""
            },
            "choices": {
                "version_1": "Version 1 (Logo on the left and then menu and search)",
                "version_2": "Version 2 (Big Logo above menu)"
            },
            "default_value": {
                "version_1": "version_1"
            },
            "allow_null": 0,
            "multiple": 0,
            "ui": 0,
            "ajax": 0,
            "placeholder": "",
            "disabled": 0,
            "readonly": 0
        },
        {
            "key": "field_55b40ba88d747",
            "label": "Logo Image",
            "name": "logo_image_option",
            "type": "image",
            "instructions": "",
            "required": 0,
            "conditional_logic": 0,
            "wrapper": {
                "width": "",
                "class": "",
                "id": ""
            },
            "return_format": "url",
            "preview_size": "thumbnail",
            "library": "all",
            "min_width": "",
            "min_height": "",
            "min_size": "",
            "max_width": "",
            "max_height": "",
            "max_size": "",
            "mime_types": ""
        },
        {
            "key": "field_55b40bb38d748",
            "label": "Logo Image Width",
            "name": "logo_image_width_option",
            "type": "number",
            "instructions": "",
            "required": 0,
            "conditional_logic": 0,
            "wrapper": {
                "width": 20,
                "class": "",
                "id": ""
            },
            "default_value": 210,
            "placeholder": "",
            "prepend": "",
            "append": "px",
            "min": "",
            "max": "",
            "step": "",
            "readonly": 0,
            "disabled": 0
        },
        {
            "key": "field_563d318cb7fa6",
            "label": "Fixed Menu",
            "name": "",
            "type": "tab",
            "instructions": "",
            "required": 0,
            "conditional_logic": 0,
            "wrapper": {
                "width": "",
                "class": "",
                "id": ""
            },
            "placement": "top",
            "endpoint": 0
        },
        {
            "key": "field_561d5b20dddaa",
            "label": "Use Fixed Header",
            "name": "use_fixed_header",
            "type": "true_false",
            "instructions": "Decide wether you want to use fixed header when scrolling.",
            "required": 0,
            "conditional_logic": 0,
            "wrapper": {
                "width": "",
                "class": "",
                "id": ""
            },
            "message": "Use fixed header menu",
            "default_value": 0
        },
        {
            "key": "field_561d5b61dddab",
            "label": "Fixed header logo",
            "name": "fixed_header_logo",
            "type": "image",
            "instructions": "You can set a custom logo for the fixed menu",
            "required": 0,
            "conditional_logic": 0,
            "wrapper": {
                "width": "",
                "class": "",
                "id": ""
            },
            "return_format": "url",
            "preview_size": "thumbnail",
            "library": "all",
            "min_width": "",
            "min_height": "",
            "min_size": "",
            "max_width": "",
            "max_height": "",
            "max_size": "",
            "mime_types": ""
        },
        {
            "key": "field_561d67586ec74",
            "label": "Fixed header logo width",
            "name": "fixed_header_logo_width",
            "type": "number",
            "instructions": "Set a width of the logo that goes to fixed header",
            "required": 0,
            "conditional_logic": 0,
            "wrapper": {
                "width": "",
                "class": "",
                "id": ""
            },
            "default_value": "",
            "placeholder": "",
            "prepend": "",
            "append": "px",
            "min": 0,
            "max": "",
            "step": "",
            "readonly": 0,
            "disabled": 0
        },
        {
            "key": "field_563d319bb7fa7",
            "label": "Mobile Header",
            "name": "mobile_header",
            "type": "tab",
            "instructions": "",
            "required": 0,
            "conditional_logic": 0,
            "wrapper": {
                "width": "",
                "class": "",
                "id": ""
            },
            "placement": "top",
            "endpoint": 0
        },
        {
            "key": "field_561d75cc80a87",
            "label": "Mobile Logo Image",
            "name": "mobile_logo_image",
            "type": "image",
            "instructions": "Logo to be used on a mobile menu",
            "required": 0,
            "conditional_logic": 0,
            "wrapper": {
                "width": "",
                "class": "",
                "id": ""
            },
            "return_format": "url",
            "preview_size": "thumbnail",
            "library": "all",
            "min_width": "",
            "min_height": "",
            "min_size": "",
            "max_width": "",
            "max_height": "",
            "max_size": "",
            "mime_types": ""
        },
        {
            "key": "field_561d75e980a88",
            "label": "Mobile Logo Image width",
            "name": "mobile_logo_image_width",
            "type": "number",
            "instructions": "",
            "required": 0,
            "conditional_logic": 0,
            "wrapper": {
                "width": "",
                "class": "",
                "id": ""
            },
            "default_value": "",
            "placeholder": "",
            "prepend": "",
            "append": "px",
            "min": 0,
            "max": "",
            "step": "",
            "readonly": 0,
            "disabled": 0
        },
        {
            "key": "field_563d3184b7fa5",
            "label": "Top Bar",
            "name": "",
            "type": "tab",
            "instructions": "",
            "required": 0,
            "conditional_logic": 0,
            "wrapper": {
                "width": "",
                "class": "",
                "id": ""
            },
            "placement": "top",
            "endpoint": 0
        },
        {
            "key": "field_562da696f34e5",
            "label": "Show Member Links in the Top Bar",
            "name": "show_top_member_bar",
            "type": "select",
            "instructions": "Check this box if you want to show the top bar with login, register and user profile links.",
            "required": 0,
            "conditional_logic": 0,
            "wrapper": {
                "width": "",
                "class": "",
                "id": ""
            },
            "choices": {
                "yes": "Yes",
                "no": "No"
            },
            "default_value": {
                "yes": "yes"
            },
            "allow_null": 0,
            "multiple": 0,
            "ui": 0,
            "ajax": 0,
            "placeholder": "",
            "disabled": 0,
            "readonly": 0
        },
        {
            "key": "field_563d030e86969",
            "label": "Show Cart Link in the Top Bar",
            "name": "show_cart_link_in_the_top_bar",
            "type": "select",
            "instructions": "",
            "required": 0,
            "conditional_logic": 0,
            "wrapper": {
                "width": "",
                "class": "",
                "id": ""
            },
            "choices": {
                "yes": "Yes",
                "no": "No"
            },
            "default_value": {
                "yes": "yes"
            },
            "allow_null": 0,
            "multiple": 0,
            "ui": 0,
            "ajax": 0,
            "placeholder": "",
            "disabled": 0,
            "readonly": 0
        },
        {
            "key": "field_563d034a8696a",
            "label": "Show Checkout Link in the Top Bar",
            "name": "show_checkout_link_in_the_top_bar",
            "type": "select",
            "instructions": "Decided whether to show a checkout link in the top bar when your cart is not empty",
            "required": 0,
            "conditional_logic": 0,
            "wrapper": {
                "width": "",
                "class": "",
                "id": ""
            },
            "choices": {
                "yes": "Yes",
                "no": "No"
            },
            "default_value": {
                "yes": "yes"
            },
            "allow_null": 0,
            "multiple": 0,
            "ui": 0,
            "ajax": 0,
            "placeholder": "",
            "disabled": 0,
            "readonly": 0
        }
    ],
    "location": [
        [
            {
                "param": "options_page",
                "operator": "==",
                "value": "acf-options-header"
            }
        ]
    ],
    "menu_order": 0,
    "position": "normal",
    "style": "default",
    "label_placement": "left",
    "instruction_placement": "field",
    "hide_on_screen": "",
    "active": 1,
    "description": "",
    "modified": 1447822579
}