{
    "key": "group_55f939efe6729",
    "title": "Video Post",
    "fields": [
        {
            "key": "field_55f939f5d24c1",
            "label": "Video Shortcode",
            "name": "video_shortcode",
            "type": "text",
            "instructions": "You will need to install this plugin for this feature to work: <a target=\"_blank\" href=\"https:\/\/ru.wordpress.org\/plugins\/advanced-responsive-video-embedder\/\">click here to visit plugin's page<\/a>\r\nPaste the url of a youtube,vimeo or other video here, or use a shortcode, learn more on that plugin's description page.",
            "required": 0,
            "conditional_logic": 0,
            "wrapper": {
                "width": "",
                "class": "",
                "id": ""
            },
            "default_value": "",
            "placeholder": "",
            "prepend": "",
            "append": "",
            "maxlength": "",
            "readonly": 0,
            "disabled": 0
        }
    ],
    "location": [
        [
            {
                "param": "post_type",
                "operator": "==",
                "value": "osetin_recipe"
            },
            {
                "param": "post_format",
                "operator": "==",
                "value": "video"
            }
        ],
        [
            {
                "param": "post_type",
                "operator": "==",
                "value": "post"
            },
            {
                "param": "post_format",
                "operator": "==",
                "value": "video"
            }
        ]
    ],
    "menu_order": -4,
    "position": "normal",
    "style": "default",
    "label_placement": "top",
    "instruction_placement": "field",
    "hide_on_screen": "",
    "active": 1,
    "description": "",
    "modified": 1449045881
}