{
    "key": "group_55b40c439a154",
    "title": "Theme Settings - Appearance",
    "fields": [
        {
            "key": "field_563d2cfad44ed",
            "label": "Body",
            "name": "",
            "type": "tab",
            "instructions": "",
            "required": 0,
            "conditional_logic": 0,
            "wrapper": {
                "width": "",
                "class": "",
                "id": ""
            },
            "placement": "top",
            "endpoint": 0
        },
        {
            "key": "field_55b40c4a6f1f4",
            "label": "Background Color",
            "name": "background_color_option",
            "type": "color_picker",
            "instructions": "",
            "required": 0,
            "conditional_logic": 0,
            "wrapper": {
                "width": "",
                "class": "",
                "id": ""
            },
            "default_value": ""
        },
        {
            "key": "field_55b40c596f1f5",
            "label": "Background Image",
            "name": "background_image_option",
            "type": "image",
            "instructions": "",
            "required": 0,
            "conditional_logic": 0,
            "wrapper": {
                "width": "",
                "class": "",
                "id": ""
            },
            "return_format": "array",
            "preview_size": "thumbnail",
            "library": "all",
            "min_width": "",
            "min_height": "",
            "min_size": "",
            "max_width": "",
            "max_height": "",
            "max_size": "",
            "mime_types": ""
        },
        {
            "key": "field_563d5da0f4617",
            "label": "Background Image Size",
            "name": "background_image_size_option",
            "type": "select",
            "instructions": "Set to \"Small\" if your background image is tilable like a small pattern you want to repeat all over the site background, set to \"big\" if you have a big image you want to be contained within the background",
            "required": 0,
            "conditional_logic": 0,
            "wrapper": {
                "width": "",
                "class": "",
                "id": ""
            },
            "choices": {
                "big": "Big",
                "small": "Small"
            },
            "default_value": {
                "big": "big"
            },
            "allow_null": 0,
            "multiple": 0,
            "ui": 0,
            "ajax": 0,
            "placeholder": "",
            "disabled": 0,
            "readonly": 0
        },
        {
            "key": "field_55f2b328ad88a",
            "label": "Parallax Background",
            "name": "parallax_background_option",
            "type": "select",
            "instructions": "",
            "required": 0,
            "conditional_logic": 0,
            "wrapper": {
                "width": "",
                "class": "",
                "id": ""
            },
            "choices": {
                "no": "No",
                "yes": "Yes"
            },
            "default_value": {
                "no": "no"
            },
            "allow_null": 0,
            "multiple": 0,
            "ui": 0,
            "ajax": 0,
            "placeholder": "",
            "disabled": 0,
            "readonly": 0
        },
        {
            "key": "field_563d2c9fd44e9",
            "label": "Sidebar",
            "name": "",
            "type": "tab",
            "instructions": "",
            "required": 0,
            "conditional_logic": 0,
            "wrapper": {
                "width": "",
                "class": "",
                "id": ""
            },
            "placement": "top",
            "endpoint": 0
        },
        {
            "key": "field_563d2817d44dd",
            "label": "Sidebar Background Color",
            "name": "sidebar_background_color",
            "type": "color_picker",
            "instructions": "",
            "required": 0,
            "conditional_logic": 0,
            "wrapper": {
                "width": "",
                "class": "",
                "id": ""
            },
            "default_value": ""
        },
        {
            "key": "field_563d282bd44de",
            "label": "Sidebar Background Image",
            "name": "sidebar_background_image",
            "type": "image",
            "instructions": "",
            "required": 0,
            "conditional_logic": 0,
            "wrapper": {
                "width": "",
                "class": "",
                "id": ""
            },
            "return_format": "url",
            "preview_size": "thumbnail",
            "library": "all",
            "min_width": "",
            "min_height": "",
            "min_size": "",
            "max_width": "",
            "max_height": "",
            "max_size": "",
            "mime_types": ""
        },
        {
            "key": "field_563d290bd44df",
            "label": "Sidebar Background Color Type",
            "name": "sidebar_background_color_type",
            "type": "select",
            "instructions": "",
            "required": 0,
            "conditional_logic": 0,
            "wrapper": {
                "width": "",
                "class": "",
                "id": ""
            },
            "choices": {
                "light": "Light",
                "dark": "Dark"
            },
            "default_value": {
                "light": "light"
            },
            "allow_null": 0,
            "multiple": 0,
            "ui": 0,
            "ajax": 0,
            "placeholder": "",
            "disabled": 0,
            "readonly": 0
        },
        {
            "key": "field_563d2cacd44ea",
            "label": "Single Post",
            "name": "",
            "type": "tab",
            "instructions": "",
            "required": 0,
            "conditional_logic": 0,
            "wrapper": {
                "width": "",
                "class": "",
                "id": ""
            },
            "placement": "top",
            "endpoint": 0
        },
        {
            "key": "field_563d2aced44e1",
            "label": "Related Posts Background Image",
            "name": "related_posts_background_image",
            "type": "image",
            "instructions": "",
            "required": 0,
            "conditional_logic": 0,
            "wrapper": {
                "width": "",
                "class": "",
                "id": ""
            },
            "return_format": "url",
            "preview_size": "thumbnail",
            "library": "all",
            "min_width": "",
            "min_height": "",
            "min_size": "",
            "max_width": "",
            "max_height": "",
            "max_size": "",
            "mime_types": ""
        },
        {
            "key": "field_563d2cb7d44eb",
            "label": "Footer",
            "name": "",
            "type": "tab",
            "instructions": "",
            "required": 0,
            "conditional_logic": 0,
            "wrapper": {
                "width": "",
                "class": "",
                "id": ""
            },
            "placement": "top",
            "endpoint": 0
        },
        {
            "key": "field_563d2be8d44e5",
            "label": "Pre-Footer Section Background Color",
            "name": "pre_footer_section_background_color",
            "type": "color_picker",
            "instructions": "",
            "required": 0,
            "conditional_logic": 0,
            "wrapper": {
                "width": "",
                "class": "",
                "id": ""
            },
            "default_value": ""
        },
        {
            "key": "field_563d2bfbd44e6",
            "label": "Pre-Footer Section Background Image",
            "name": "pre_footer_section_background_image",
            "type": "image",
            "instructions": "",
            "required": 0,
            "conditional_logic": 0,
            "wrapper": {
                "width": "",
                "class": "",
                "id": ""
            },
            "return_format": "url",
            "preview_size": "thumbnail",
            "library": "all",
            "min_width": "",
            "min_height": "",
            "min_size": "",
            "max_width": "",
            "max_height": "",
            "max_size": "",
            "mime_types": ""
        },
        {
            "key": "field_563d2ba0d44e3",
            "label": "Footer Section Background Color",
            "name": "footer_section_background_color",
            "type": "color_picker",
            "instructions": "",
            "required": 0,
            "conditional_logic": 0,
            "wrapper": {
                "width": "",
                "class": "",
                "id": ""
            },
            "default_value": ""
        },
        {
            "key": "field_563d2aedd44e2",
            "label": "Footer Section Background Image",
            "name": "footer_section_background_image",
            "type": "image",
            "instructions": "",
            "required": 0,
            "conditional_logic": 0,
            "wrapper": {
                "width": "",
                "class": "",
                "id": ""
            },
            "return_format": "url",
            "preview_size": "thumbnail",
            "library": "all",
            "min_width": "",
            "min_height": "",
            "min_size": "",
            "max_width": "",
            "max_height": "",
            "max_size": "",
            "mime_types": ""
        },
        {
            "key": "field_563d2bb4d44e4",
            "label": "Footer Section Background Color Type",
            "name": "footer_section_background_color_type",
            "type": "select",
            "instructions": "",
            "required": 0,
            "conditional_logic": 0,
            "wrapper": {
                "width": "",
                "class": "",
                "id": ""
            },
            "choices": {
                "light": "Light",
                "dark": "Dark"
            },
            "default_value": {
                "light": "light"
            },
            "allow_null": 0,
            "multiple": 0,
            "ui": 0,
            "ajax": 0,
            "placeholder": "",
            "disabled": 0,
            "readonly": 0
        },
        {
            "key": "field_563d2cc6d44ec",
            "label": "Header",
            "name": "",
            "type": "tab",
            "instructions": "",
            "required": 0,
            "conditional_logic": 0,
            "wrapper": {
                "width": "",
                "class": "",
                "id": ""
            },
            "placement": "top",
            "endpoint": 0
        },
        {
            "key": "field_562daef6fa7ae",
            "label": "Top Member Bar Background Color",
            "name": "top_member_bar_background_color",
            "type": "color_picker",
            "instructions": "",
            "required": 0,
            "conditional_logic": 0,
            "wrapper": {
                "width": "",
                "class": "",
                "id": ""
            },
            "default_value": ""
        },
        {
            "key": "field_561c552a65d82",
            "label": "Top Menu Background Color",
            "name": "top_menu_background_color",
            "type": "color_picker",
            "instructions": "Leave blank to use default color",
            "required": 0,
            "conditional_logic": 0,
            "wrapper": {
                "width": "",
                "class": "",
                "id": ""
            },
            "default_value": "#FFFFFF"
        },
        {
            "key": "field_561c54e965d81",
            "label": "Top Menu Background Color Type",
            "name": "top_menu_background_color_type",
            "type": "select",
            "instructions": "Set a background type, dark one will have white text to match darker background color, light one will have black text to match lighter background color.",
            "required": 0,
            "conditional_logic": 0,
            "wrapper": {
                "width": "",
                "class": "",
                "id": ""
            },
            "choices": {
                "light": "Light",
                "dark": "Dark"
            },
            "default_value": {
                "light": "light"
            },
            "allow_null": 0,
            "multiple": 0,
            "ui": 0,
            "ajax": 0,
            "placeholder": "",
            "disabled": 0,
            "readonly": 0
        },
        {
            "key": "field_563d3d60481f4",
            "label": "Fixed Menu Bar Background Color",
            "name": "fixed_menu_bar_background_color",
            "type": "color_picker",
            "instructions": "",
            "required": 0,
            "conditional_logic": 0,
            "wrapper": {
                "width": "",
                "class": "",
                "id": ""
            },
            "default_value": ""
        },
        {
            "key": "field_563d3d6e481f5",
            "label": "Fixed Menu Bar Background Color Type",
            "name": "fixed_menu_bar_background_color_type",
            "type": "select",
            "instructions": "",
            "required": 0,
            "conditional_logic": 0,
            "wrapper": {
                "width": "",
                "class": "",
                "id": ""
            },
            "choices": {
                "light": "Light",
                "dark": "Dark"
            },
            "default_value": {
                "light": "light"
            },
            "allow_null": 0,
            "multiple": 0,
            "ui": 0,
            "ajax": 0,
            "placeholder": "",
            "disabled": 0,
            "readonly": 0
        },
        {
            "key": "field_563d2965d44e0",
            "label": "Menu Dropdown Background Color",
            "name": "menu_dropdown_background_color",
            "type": "color_picker",
            "instructions": "",
            "required": 0,
            "conditional_logic": 0,
            "wrapper": {
                "width": "",
                "class": "",
                "id": ""
            },
            "default_value": ""
        },
        {
            "key": "field_563d30eb2d469",
            "label": "Menu Dropdown Background Color Type",
            "name": "menu_dropdown_background_color_type",
            "type": "select",
            "instructions": "",
            "required": 0,
            "conditional_logic": 0,
            "wrapper": {
                "width": "",
                "class": "",
                "id": ""
            },
            "choices": {
                "dark": "Dark",
                "light": "Light"
            },
            "default_value": {
                "dark": "dark"
            },
            "allow_null": 0,
            "multiple": 0,
            "ui": 0,
            "ajax": 0,
            "placeholder": "",
            "disabled": 0,
            "readonly": 0
        },
        {
            "key": "field_564043e538783",
            "label": "Rounded Corners for Dropdown Menu",
            "name": "use_rounded_corners_for_dropdown_menu",
            "type": "true_false",
            "instructions": "",
            "required": 0,
            "conditional_logic": 0,
            "wrapper": {
                "width": "",
                "class": "",
                "id": ""
            },
            "message": "Use Rounded Corners for Dropdown Menu",
            "default_value": 0
        },
        {
            "key": "field_563d2ffc2d467",
            "label": "Mobile Header Background Color",
            "name": "mobile_header_background_color",
            "type": "color_picker",
            "instructions": "",
            "required": 0,
            "conditional_logic": 0,
            "wrapper": {
                "width": "",
                "class": "",
                "id": ""
            },
            "default_value": ""
        },
        {
            "key": "field_563d30ae2d468",
            "label": "Mobile Header Background Color Type",
            "name": "mobile_header_background_color_type",
            "type": "select",
            "instructions": "",
            "required": 0,
            "conditional_logic": 0,
            "wrapper": {
                "width": "",
                "class": "",
                "id": ""
            },
            "choices": {
                "dark": "Dark",
                "light": "Light"
            },
            "default_value": {
                "dark": "dark"
            },
            "allow_null": 0,
            "multiple": 0,
            "ui": 0,
            "ajax": 0,
            "placeholder": "",
            "disabled": 0,
            "readonly": 0
        },
        {
            "key": "field_563d2d16d44ee",
            "label": "Customize",
            "name": "",
            "type": "tab",
            "instructions": "",
            "required": 0,
            "conditional_logic": 0,
            "wrapper": {
                "width": "",
                "class": "",
                "id": ""
            },
            "placement": "top",
            "endpoint": 0
        },
        {
            "key": "field_55f155172ec26",
            "label": "Custom CSS",
            "name": "custom_css_styles",
            "type": "textarea",
            "instructions": "You can add custom css here which will override theme styles",
            "required": 0,
            "conditional_logic": 0,
            "wrapper": {
                "width": "",
                "class": "",
                "id": ""
            },
            "default_value": "",
            "placeholder": "",
            "maxlength": "",
            "rows": "",
            "new_lines": "",
            "readonly": 0,
            "disabled": 0
        }
    ],
    "location": [
        [
            {
                "param": "options_page",
                "operator": "==",
                "value": "acf-options-appearance"
            }
        ]
    ],
    "menu_order": 0,
    "position": "normal",
    "style": "default",
    "label_placement": "top",
    "instruction_placement": "label",
    "hide_on_screen": "",
    "active": 1,
    "description": "",
    "modified": 1447052310
}