{
    "key": "group_5480040d907b8",
    "title": "Theme Settings - Fonts",
    "fields": [
        {
            "key": "field_548006666641f",
            "label": "Font Library",
            "name": "font_library",
            "type": "select",
            "instructions": "Select a library where to pick fonts from: Google Fonts ( http:\/\/www.google.com\/fonts ), Adobe Typekit ( http:\/\/www.typekit.com ), MyFonts.com (http:\/\/www.myfonts.com\/topwebfonts\/)",
            "required": 0,
            "conditional_logic": 0,
            "wrapper": {
                "width": "",
                "class": "",
                "id": ""
            },
            "choices": {
                "google_fonts": "Google Web Fonts",
                "adobe_typekit_fonts": "Adobe Typekit Fonts",
                "myfonts": "MyFonts.com",
                "custom_fonts": "Custom Fonts"
            },
            "default_value": [
                "google_fonts"
            ],
            "allow_null": 0,
            "multiple": 0,
            "ui": 0,
            "ajax": 0,
            "placeholder": "",
            "disabled": 0,
            "readonly": 0
        },
        {
            "key": "field_57526a7958f2c",
            "label": "Custom Font",
            "name": "custom_font",
            "type": "repeater",
            "instructions": "Enter the url of the custom fonts you want to use, you can either upload them to you server (uploads folder of wordpress) or use some other place to store them.",
            "required": 0,
            "conditional_logic": [
                [
                    {
                        "field": "field_548006666641f",
                        "operator": "==",
                        "value": "custom_fonts"
                    }
                ]
            ],
            "wrapper": {
                "width": "",
                "class": "",
                "id": ""
            },
            "collapsed": "",
            "min": "",
            "max": "",
            "layout": "row",
            "button_label": "Add Font",
            "sub_fields": [
                {
                    "key": "field_57526a8d58f2d",
                    "label": "Font Family Name",
                    "name": "font_family_name",
                    "type": "text",
                    "instructions": "The name you will use in css and other font settings on this form.",
                    "required": 0,
                    "conditional_logic": 0,
                    "wrapper": {
                        "width": "",
                        "class": "",
                        "id": ""
                    },
                    "default_value": "",
                    "placeholder": "",
                    "prepend": "",
                    "append": "",
                    "maxlength": "",
                    "readonly": 0,
                    "disabled": 0
                },
                {
                    "key": "field_57526a9e58f2e",
                    "label": "Font File URL Woff Format",
                    "name": "font_woff",
                    "type": "text",
                    "instructions": "",
                    "required": 0,
                    "conditional_logic": 0,
                    "wrapper": {
                        "width": "",
                        "class": "",
                        "id": ""
                    },
                    "default_value": "",
                    "placeholder": "",
                    "prepend": "",
                    "append": "",
                    "maxlength": "",
                    "readonly": 0,
                    "disabled": 0
                },
                {
                    "key": "field_57526acb58f2f",
                    "label": "Font File URL Woff2 Format",
                    "name": "font_woff2",
                    "type": "text",
                    "instructions": "",
                    "required": 0,
                    "conditional_logic": 0,
                    "wrapper": {
                        "width": "",
                        "class": "",
                        "id": ""
                    },
                    "default_value": "",
                    "placeholder": "",
                    "prepend": "",
                    "append": "",
                    "maxlength": "",
                    "readonly": 0,
                    "disabled": 0
                },
                {
                    "key": "field_57526ad258f30",
                    "label": "Font File URL TTF Format",
                    "name": "font_ttf",
                    "type": "text",
                    "instructions": "",
                    "required": 0,
                    "conditional_logic": 0,
                    "wrapper": {
                        "width": "",
                        "class": "",
                        "id": ""
                    },
                    "default_value": "",
                    "placeholder": "",
                    "prepend": "",
                    "append": "",
                    "maxlength": "",
                    "readonly": 0,
                    "disabled": 0
                },
                {
                    "key": "field_57526adf58f31",
                    "label": "Font Weight",
                    "name": "font_weight",
                    "type": "text",
                    "instructions": "",
                    "required": 0,
                    "conditional_logic": 0,
                    "wrapper": {
                        "width": "",
                        "class": "",
                        "id": ""
                    },
                    "default_value": "",
                    "placeholder": "",
                    "prepend": "",
                    "append": "",
                    "maxlength": "",
                    "readonly": 0,
                    "disabled": 0
                }
            ]
        },
        {
            "key": "field_548010d1969ea",
            "label": "Google Fonts HREF value",
            "name": "google_fonts_href",
            "type": "text",
            "instructions": "Paste the href link VALUE (like: https:\/\/fonts.googleapis.com\/css?family=Droid+Serif:400,400italic|Yanone+Kaffeesatz) you receive from google fonts generator (https:\/\/www.google.com\/fonts) or you can leave it blank to use default theme's fonts",
            "required": 0,
            "conditional_logic": [
                [
                    {
                        "field": "field_548006666641f",
                        "operator": "==",
                        "value": "google_fonts"
                    }
                ]
            ],
            "wrapper": {
                "width": "",
                "class": "",
                "id": ""
            },
            "default_value": "https:\/\/fonts.googleapis.com\/css?family=Droid+Serif:400,400italic|Yanone+Kaffeesatz",
            "placeholder": "",
            "prepend": "",
            "append": "",
            "maxlength": "",
            "readonly": 0,
            "disabled": 0
        },
        {
            "key": "field_548010b4969e9",
            "label": "Adobe Typekit ID",
            "name": "adobe_typekit_id",
            "type": "text",
            "instructions": "Paste the typekit code here (more info: http:\/\/help.typekit.com\/customer\/portal\/articles\/6780-adding-fonts-to-your-site)",
            "required": 0,
            "conditional_logic": [
                [
                    {
                        "field": "field_548006666641f",
                        "operator": "==",
                        "value": "adobe_typekit_fonts"
                    }
                ]
            ],
            "wrapper": {
                "width": "",
                "class": "",
                "id": ""
            },
            "default_value": "",
            "placeholder": "",
            "prepend": "",
            "append": "",
            "maxlength": "",
            "readonly": 0,
            "disabled": 0
        },
        {
            "key": "field_5480160bfa934",
            "label": "MyFonts.com Code",
            "name": "myfonts_code",
            "type": "text",
            "instructions": "",
            "required": 0,
            "conditional_logic": [
                [
                    {
                        "field": "field_548006666641f",
                        "operator": "==",
                        "value": "myfonts"
                    }
                ]
            ],
            "wrapper": {
                "width": "",
                "class": "",
                "id": ""
            },
            "default_value": "",
            "placeholder": "",
            "prepend": "",
            "append": "",
            "maxlength": "",
            "readonly": 0,
            "disabled": 0
        },
        {
            "key": "field_5480041a6641c",
            "label": "Headings Font Family",
            "name": "headings_font_family",
            "type": "text",
            "instructions": "",
            "required": 0,
            "conditional_logic": 0,
            "wrapper": {
                "width": "",
                "class": "",
                "id": ""
            },
            "default_value": "'Yanone Kaffeesatz', sans-serif;",
            "placeholder": "",
            "prepend": "",
            "append": "",
            "maxlength": "",
            "readonly": 0,
            "disabled": 0
        },
        {
            "key": "field_5545e21f0d042",
            "label": "Headings Font Weight - Normal",
            "name": "headings_font_weight_normal",
            "type": "number",
            "instructions": "",
            "required": 0,
            "conditional_logic": 0,
            "wrapper": {
                "width": "",
                "class": "",
                "id": ""
            },
            "default_value": 400,
            "placeholder": "",
            "prepend": "",
            "append": "",
            "min": "",
            "max": "",
            "step": "",
            "readonly": 0,
            "disabled": 0
        },
        {
            "key": "field_5545e26a0d043",
            "label": "Headings Font Weight - Bold",
            "name": "headings_font_weight_bold",
            "type": "number",
            "instructions": "",
            "required": 0,
            "conditional_logic": 0,
            "wrapper": {
                "width": "",
                "class": "",
                "id": ""
            },
            "default_value": 400,
            "placeholder": "",
            "prepend": "",
            "append": "",
            "min": "",
            "max": "",
            "step": "",
            "readonly": 0,
            "disabled": 0
        },
        {
            "key": "field_55b1b269a3882",
            "label": "Alternative Font Family",
            "name": "alternative_font_family",
            "type": "text",
            "instructions": "",
            "required": 0,
            "conditional_logic": 0,
            "wrapper": {
                "width": "",
                "class": "",
                "id": ""
            },
            "default_value": "'Yanone Kaffeesatz', sans-serif;",
            "placeholder": "",
            "prepend": "",
            "append": "",
            "maxlength": "",
            "readonly": 0,
            "disabled": 0
        },
        {
            "key": "field_55b1b4a3a3884",
            "label": "Alternative Font Weight - Normal",
            "name": "alternative_font_weight_normal",
            "type": "number",
            "instructions": "",
            "required": 0,
            "conditional_logic": 0,
            "wrapper": {
                "width": "",
                "class": "",
                "id": ""
            },
            "default_value": 400,
            "placeholder": "",
            "prepend": "",
            "append": "",
            "min": "",
            "max": "",
            "step": "",
            "readonly": 0,
            "disabled": 0
        },
        {
            "key": "field_55b1b48ca3883",
            "label": "Alternative Font Weight - Bold",
            "name": "alternative_font_weight_bold",
            "type": "number",
            "instructions": "",
            "required": 0,
            "conditional_logic": 0,
            "wrapper": {
                "width": "",
                "class": "",
                "id": ""
            },
            "default_value": 400,
            "placeholder": "",
            "prepend": "",
            "append": "",
            "min": "",
            "max": "",
            "step": "",
            "readonly": 0,
            "disabled": 0
        },
        {
            "key": "field_548005ca6641d",
            "label": "Text Font Family",
            "name": "text_font_family",
            "type": "text",
            "instructions": "",
            "required": 0,
            "conditional_logic": 0,
            "wrapper": {
                "width": "",
                "class": "",
                "id": ""
            },
            "default_value": "'Droid Serif', serif;",
            "placeholder": "",
            "prepend": "",
            "append": "",
            "maxlength": "",
            "readonly": 0,
            "disabled": 0
        },
        {
            "key": "field_5545de250d040",
            "label": "Text Font Weight - Normal",
            "name": "text_font_weight_normal",
            "type": "number",
            "instructions": "",
            "required": 0,
            "conditional_logic": 0,
            "wrapper": {
                "width": "",
                "class": "",
                "id": ""
            },
            "default_value": 400,
            "placeholder": "",
            "prepend": "",
            "append": "",
            "min": "",
            "max": "",
            "step": "",
            "readonly": 0,
            "disabled": 0
        },
        {
            "key": "field_5545e20d0d041",
            "label": "Text Font Weight - Bold",
            "name": "text_font_weight_bold",
            "type": "number",
            "instructions": "",
            "required": 0,
            "conditional_logic": 0,
            "wrapper": {
                "width": "",
                "class": "",
                "id": ""
            },
            "default_value": 700,
            "placeholder": "",
            "prepend": "",
            "append": "",
            "min": "",
            "max": "",
            "step": "",
            "readonly": 0,
            "disabled": 0
        },
        {
            "key": "field_548005dc6641e",
            "label": "Menu Font Family",
            "name": "menu_font_family",
            "type": "text",
            "instructions": "",
            "required": 0,
            "conditional_logic": 0,
            "wrapper": {
                "width": "",
                "class": "",
                "id": ""
            },
            "default_value": "'Yanone Kaffeesatz', sans-serif;",
            "placeholder": "",
            "prepend": "",
            "append": "",
            "maxlength": "",
            "readonly": 0,
            "disabled": 0
        },
        {
            "key": "field_5545e2840d044",
            "label": "Menu Font Weight - Normal",
            "name": "menu_font_weight_normal",
            "type": "number",
            "instructions": "",
            "required": 0,
            "conditional_logic": 0,
            "wrapper": {
                "width": "",
                "class": "",
                "id": ""
            },
            "default_value": 400,
            "placeholder": "",
            "prepend": "",
            "append": "",
            "min": "",
            "max": "",
            "step": "",
            "readonly": 0,
            "disabled": 0
        },
        {
            "key": "field_5545e2b90d045",
            "label": "Menu Font Weight - Bold",
            "name": "menu_font_weight_bold",
            "type": "number",
            "instructions": "",
            "required": 0,
            "conditional_logic": 0,
            "wrapper": {
                "width": "",
                "class": "",
                "id": ""
            },
            "default_value": 700,
            "placeholder": "",
            "prepend": "",
            "append": "",
            "min": "",
            "max": "",
            "step": "",
            "readonly": 0,
            "disabled": 0
        },
        {
            "key": "field_54801eb3e7dc9",
            "label": "Text Base Font Size",
            "name": "base_font_size",
            "type": "number",
            "instructions": "",
            "required": 0,
            "conditional_logic": 0,
            "wrapper": {
                "width": "",
                "class": "",
                "id": ""
            },
            "default_value": 16,
            "placeholder": "",
            "prepend": "",
            "append": "px",
            "min": 8,
            "max": 100,
            "step": 1,
            "readonly": 0,
            "disabled": 0
        },
        {
            "key": "field_5545ecc31d9ad",
            "label": "Main Menu Base Font Size",
            "name": "main_menu_base_font_size",
            "type": "number",
            "instructions": "",
            "required": 0,
            "conditional_logic": 0,
            "wrapper": {
                "width": "",
                "class": "",
                "id": ""
            },
            "default_value": 25,
            "placeholder": "",
            "prepend": "",
            "append": "px",
            "min": "",
            "max": "",
            "step": "",
            "readonly": 0,
            "disabled": 0
        },
        {
            "key": "field_558b8fbec4f40",
            "label": "Headings Base Font Size",
            "name": "headings_base_font_size",
            "type": "number",
            "instructions": "",
            "required": 0,
            "conditional_logic": 0,
            "wrapper": {
                "width": "",
                "class": "",
                "id": ""
            },
            "default_value": 20,
            "placeholder": "",
            "prepend": "",
            "append": "px",
            "min": "",
            "max": "",
            "step": "",
            "readonly": 0,
            "disabled": 0
        },
        {
            "key": "field_55b1b58ee913e",
            "label": "Alternative Base Font Size",
            "name": "alternative_base_font_size",
            "type": "number",
            "instructions": "",
            "required": 0,
            "conditional_logic": 0,
            "wrapper": {
                "width": "",
                "class": "",
                "id": ""
            },
            "default_value": 20,
            "placeholder": "",
            "prepend": "",
            "append": "px",
            "min": "",
            "max": "",
            "step": "",
            "readonly": 0,
            "disabled": 0
        },
        {
            "key": "field_5518a495a3a8c",
            "label": "H1 Font Size",
            "name": "h1_font_size",
            "type": "number",
            "instructions": "",
            "required": 0,
            "conditional_logic": 0,
            "wrapper": {
                "width": "",
                "class": "",
                "id": ""
            },
            "default_value": 44,
            "placeholder": "",
            "prepend": "",
            "append": "px",
            "min": 1,
            "max": "",
            "step": "",
            "readonly": 0,
            "disabled": 0
        },
        {
            "key": "field_5518a502a3a8d",
            "label": "H2 Font Size",
            "name": "h2_font_size",
            "type": "number",
            "instructions": "",
            "required": 0,
            "conditional_logic": 0,
            "wrapper": {
                "width": "",
                "class": "",
                "id": ""
            },
            "default_value": 32,
            "placeholder": "",
            "prepend": "",
            "append": "px",
            "min": 1,
            "max": "",
            "step": "",
            "readonly": 0,
            "disabled": 0
        },
        {
            "key": "field_5518a511a3a8e",
            "label": "H3 Font Size",
            "name": "h3_font_size",
            "type": "number",
            "instructions": "",
            "required": 0,
            "conditional_logic": 0,
            "wrapper": {
                "width": "",
                "class": "",
                "id": ""
            },
            "default_value": 24,
            "placeholder": "",
            "prepend": "",
            "append": "px",
            "min": 1,
            "max": "",
            "step": "",
            "readonly": 0,
            "disabled": 0
        },
        {
            "key": "field_5518a520a3a8f",
            "label": "H4 Font Size",
            "name": "h4_font_size",
            "type": "number",
            "instructions": "",
            "required": 0,
            "conditional_logic": 0,
            "wrapper": {
                "width": "",
                "class": "",
                "id": ""
            },
            "default_value": 18,
            "placeholder": "",
            "prepend": "",
            "append": "px",
            "min": 1,
            "max": "",
            "step": "",
            "readonly": 0,
            "disabled": 0
        },
        {
            "key": "field_5545e7099df1a",
            "label": "H5 Font Size",
            "name": "h5_font_size",
            "type": "number",
            "instructions": "",
            "required": 0,
            "conditional_logic": 0,
            "wrapper": {
                "width": "",
                "class": "",
                "id": ""
            },
            "default_value": 16,
            "placeholder": "",
            "prepend": "",
            "append": "px",
            "min": 1,
            "max": "",
            "step": "",
            "readonly": 0,
            "disabled": 0
        },
        {
            "key": "field_5545e71e9df1b",
            "label": "H6 Font Size",
            "name": "h6_font_size",
            "type": "number",
            "instructions": "",
            "required": 0,
            "conditional_logic": 0,
            "wrapper": {
                "width": "",
                "class": "",
                "id": ""
            },
            "default_value": 14,
            "placeholder": "",
            "prepend": "",
            "append": "px",
            "min": 1,
            "max": "",
            "step": "",
            "readonly": 0,
            "disabled": 0
        }
    ],
    "location": [
        [
            {
                "param": "options_page",
                "operator": "==",
                "value": "acf-options-fonts"
            }
        ]
    ],
    "menu_order": 0,
    "position": "normal",
    "style": "default",
    "label_placement": "left",
    "instruction_placement": "field",
    "hide_on_screen": "",
    "active": 1,
    "description": "",
    "modified": 1465021358
}