{
    "key": "group_55f5299c53a7c",
    "title": "Page Categories",
    "fields": [
        {
            "key": "field_55f529a9b2c9f",
            "label": "Which categories to show",
            "name": "which_categories_to_show",
            "type": "select",
            "instructions": "",
            "required": 0,
            "conditional_logic": 0,
            "wrapper": {
                "width": "",
                "class": "",
                "id": ""
            },
            "choices": {
                "all": "All",
                "select": "Select Pages or Categories"
            },
            "default_value": {
                "all": "all"
            },
            "allow_null": 0,
            "multiple": 0,
            "ui": 0,
            "ajax": 0,
            "placeholder": "",
            "disabled": 0,
            "readonly": 0
        },
        {
            "key": "field_55f52a74b2ca0",
            "label": "Category Items",
            "name": "category_items",
            "type": "repeater",
            "instructions": "",
            "required": 0,
            "conditional_logic": [
                [
                    {
                        "field": "field_55f529a9b2c9f",
                        "operator": "==",
                        "value": "select"
                    }
                ]
            ],
            "wrapper": {
                "width": "",
                "class": "",
                "id": ""
            },
            "min": "",
            "max": "",
            "layout": "row",
            "button_label": "Add Items",
            "sub_fields": [
                {
                    "key": "field_55f52b60b2ca1",
                    "label": "Title",
                    "name": "title",
                    "type": "text",
                    "instructions": "",
                    "required": 0,
                    "conditional_logic": 0,
                    "wrapper": {
                        "width": "",
                        "class": "",
                        "id": ""
                    },
                    "default_value": "",
                    "placeholder": "",
                    "prepend": "",
                    "append": "",
                    "maxlength": "",
                    "readonly": 0,
                    "disabled": 0
                },
                {
                    "key": "field_55f52bb6b2ca2",
                    "label": "Description",
                    "name": "description",
                    "type": "textarea",
                    "instructions": "Optional",
                    "required": 0,
                    "conditional_logic": 0,
                    "wrapper": {
                        "width": "",
                        "class": "",
                        "id": ""
                    },
                    "default_value": "",
                    "placeholder": "",
                    "maxlength": "",
                    "rows": "",
                    "new_lines": "wpautop",
                    "readonly": 0,
                    "disabled": 0
                },
                {
                    "key": "field_55f52bd2b2ca3",
                    "label": "What to show",
                    "name": "what_to_show",
                    "type": "select",
                    "instructions": "",
                    "required": 0,
                    "conditional_logic": 0,
                    "wrapper": {
                        "width": "",
                        "class": "",
                        "id": ""
                    },
                    "choices": {
                        "category": "Category",
                        "page": "Page",
                        "link": "Link"
                    },
                    "default_value": {
                        "category": "category"
                    },
                    "allow_null": 0,
                    "multiple": 0,
                    "ui": 0,
                    "ajax": 0,
                    "placeholder": "",
                    "disabled": 0,
                    "readonly": 0
                },
                {
                    "key": "field_55f52d86b2ca4",
                    "label": "Category",
                    "name": "category",
                    "type": "taxonomy",
                    "instructions": "",
                    "required": 0,
                    "conditional_logic": [
                        [
                            {
                                "field": "field_55f52bd2b2ca3",
                                "operator": "==",
                                "value": "category"
                            }
                        ]
                    ],
                    "wrapper": {
                        "width": "",
                        "class": "",
                        "id": ""
                    },
                    "taxonomy": "category",
                    "field_type": "select",
                    "allow_null": 0,
                    "add_term": 1,
                    "save_terms": 0,
                    "load_terms": 0,
                    "return_format": "id",
                    "multiple": 0
                },
                {
                    "key": "field_55f52ea3b2ca5",
                    "label": "Page",
                    "name": "page",
                    "type": "page_link",
                    "instructions": "",
                    "required": 0,
                    "conditional_logic": [
                        [
                            {
                                "field": "field_55f52bd2b2ca3",
                                "operator": "==",
                                "value": "page"
                            }
                        ]
                    ],
                    "wrapper": {
                        "width": "",
                        "class": "",
                        "id": ""
                    },
                    "post_type": [
                        "page"
                    ],
                    "taxonomy": [],
                    "allow_null": 0,
                    "multiple": 0
                },
                {
                    "key": "field_55f53092b2ca6",
                    "label": "Custom Link",
                    "name": "custom_link",
                    "type": "text",
                    "instructions": "",
                    "required": 0,
                    "conditional_logic": [
                        [
                            {
                                "field": "field_55f52bd2b2ca3",
                                "operator": "==",
                                "value": "link"
                            }
                        ]
                    ],
                    "wrapper": {
                        "width": "",
                        "class": "",
                        "id": ""
                    },
                    "default_value": "",
                    "placeholder": "",
                    "prepend": "",
                    "append": "",
                    "maxlength": "",
                    "readonly": 0,
                    "disabled": 0
                },
                {
                    "key": "field_55f530e5b2ca7",
                    "label": "Image",
                    "name": "image",
                    "type": "image",
                    "instructions": "",
                    "required": 0,
                    "conditional_logic": 0,
                    "wrapper": {
                        "width": "",
                        "class": "",
                        "id": ""
                    },
                    "return_format": "url",
                    "preview_size": "thumbnail",
                    "library": "all",
                    "min_width": "",
                    "min_height": "",
                    "min_size": "",
                    "max_width": "",
                    "max_height": "",
                    "max_size": "",
                    "mime_types": ""
                }
            ]
        }
    ],
    "location": [
        [
            {
                "param": "post_type",
                "operator": "==",
                "value": "page"
            },
            {
                "param": "page_template",
                "operator": "==",
                "value": "page-categories.php"
            }
        ]
    ],
    "menu_order": 0,
    "position": "normal",
    "style": "default",
    "label_placement": "top",
    "instruction_placement": "label",
    "hide_on_screen": "",
    "active": 1,
    "description": "",
    "modified": 1442133645
}