{
    "key": "group_5588afddb5cdc",
    "title": "Category, Features, Ingredients, Cuisines Taxonomies",
    "fields": [
        {
            "key": "field_5588afe27b8a3",
            "label": "Category Icon",
            "name": "category_icon",
            "type": "image",
            "instructions": "",
            "required": 0,
            "conditional_logic": 0,
            "wrapper": {
                "width": "",
                "class": "",
                "id": ""
            },
            "return_format": "url",
            "preview_size": "thumbnail",
            "library": "all",
            "min_width": "",
            "min_height": "",
            "min_size": "",
            "max_width": "",
            "max_height": "",
            "max_size": "",
            "mime_types": ""
        },
        {
            "key": "field_5588b01f7b8a4",
            "label": "Category Tile Background",
            "name": "category_tile_bg",
            "type": "image",
            "instructions": "",
            "required": 0,
            "conditional_logic": 0,
            "wrapper": {
                "width": "",
                "class": "",
                "id": ""
            },
            "return_format": "url",
            "preview_size": "thumbnail",
            "library": "all",
            "min_width": "",
            "min_height": "",
            "min_size": "",
            "max_width": "",
            "max_height": "",
            "max_size": "",
            "mime_types": ""
        },
        {
            "key": "field_55b06f692d3cb",
            "label": "Category Header Background",
            "name": "category_header_bg",
            "type": "image",
            "instructions": "",
            "required": 0,
            "conditional_logic": 0,
            "wrapper": {
                "width": "",
                "class": "",
                "id": ""
            },
            "return_format": "url",
            "preview_size": "thumbnail",
            "library": "all",
            "min_width": "",
            "min_height": "",
            "min_size": "",
            "max_width": "",
            "max_height": "",
            "max_size": "",
            "mime_types": ""
        },
        {
            "key": "field_55f2d4f67e9e0",
            "label": "Category Page Background Image",
            "name": "category_page_background_image",
            "type": "image",
            "instructions": "",
            "required": 0,
            "conditional_logic": 0,
            "wrapper": {
                "width": "",
                "class": "",
                "id": ""
            },
            "return_format": "array",
            "preview_size": "thumbnail",
            "library": "all",
            "min_width": "",
            "min_height": "",
            "min_size": "",
            "max_width": "",
            "max_height": "",
            "max_size": "",
            "mime_types": ""
        },
        {
            "key": "field_5640fe45e3ce7",
            "label": "Custom URL for archive",
            "name": "custom_url_for_archive",
            "type": "url",
            "instructions": "You can set a custom URL to point to when clicked on this term's link, it's useful if you want to create a custom page with information about an ingredient or category etc...",
            "required": 0,
            "conditional_logic": 0,
            "wrapper": {
                "width": "",
                "class": "",
                "id": ""
            },
            "default_value": "",
            "placeholder": ""
        },
        {
            "key": "field_5642af145bdc0",
            "label": "Layout type for Term Archive",
            "name": "layout_type_for_term_archive",
            "type": "select",
            "instructions": "",
            "required": 0,
            "conditional_logic": 0,
            "wrapper": {
                "width": "",
                "class": "",
                "id": ""
            },
            "choices": {
                "default": "Default",
                "magazine_v1": "Magazine Style v1",
                "magazine_v2": "Magazine Style v2",
                "masonry_2": "Masonry - 2 columns",
                "masonry_3": "Masonry - 3 columns",
                "masonry_4": "Masonry - 4 columns",
                "full_width": "Full Width Posts",
                "half_image": "Half Image & Half Text"
            },
            "default_value": {
                "default": "default"
            },
            "allow_null": 0,
            "multiple": 0,
            "ui": 0,
            "ajax": 0,
            "placeholder": "",
            "disabled": 0,
            "readonly": 0
        }
    ],
    "location": [
        [
            {
                "param": "taxonomy",
                "operator": "==",
                "value": "category"
            }
        ],
        [
            {
                "param": "taxonomy",
                "operator": "==",
                "value": "recipe_feature"
            }
        ],
        [
            {
                "param": "taxonomy",
                "operator": "==",
                "value": "recipe_ingredient"
            }
        ],
        [
            {
                "param": "taxonomy",
                "operator": "==",
                "value": "recipe_cuisine"
            }
        ]
    ],
    "menu_order": 0,
    "position": "normal",
    "style": "default",
    "label_placement": "top",
    "instruction_placement": "label",
    "hide_on_screen": "",
    "active": 1,
    "description": "",
    "modified": 1447830965
}